0,1,2,3,4,5,6,7,8,9,10,11,12,13,14,15,16,17,18,19,20,21,22,23,24,25,26,27,28,29
2037.0,328.0,472.0,1.0,215.0,300.0,527.0,214.0,28.0,221.0,16.0,131.0,1.0,2.0,117.0,2934.0,1787.0,11.0,42.0,1.0,53.0,1.0,623.0,813.0,140.0,32.0,0.0,0.0,0.0,0.0
2150.0,381.0,530.0,1.0,165.0,346.0,542.0,238.0,30.0,290.0,25.0,155.0,3.0,3.0,160.0,2597.0,1853.0,20.0,42.0,3.0,31.0,1.0,683.0,794.0,150.0,42.0,0.0,0.0,0.0,0.0
3001.0,610.0,815.0,1.0,175.0,407.0,562.0,231.0,19.0,338.0,27.0,247.0,3.0,5.0,168.0,2450.0,1798.0,25.0,50.0,0.0,69.0,1.0,719.0,639.0,122.0,51.0,0.0,0.0,0.0,0.0
2533.0,563.0,655.0,1.0,172.0,437.0,538.0,288.0,29.0,391.0,21.0,208.0,4.0,6.0,158.0,2417.0,2002.0,8.0,35.0,0.0,139.0,3.0,665.0,646.0,133.0,63.0,0.0,0.0,0.0,0.0
2246.0,448.0,526.0,0.0,151.0,361.0,496.0,285.0,35.0,304.0,19.0,176.0,1.0,3.0,116.0,2175.0,1930.0,17.0,38.0,0.0,94.0,3.0,606.0,674.0,128.0,45.0,0.0,0.0,0.0,0.0
2042.0,385.0,498.0,3.0,163.0,391.0,514.0,249.0,48.0,330.0,19.0,162.0,3.0,5.0,109.0,2139.0,1818.0,21.0,50.0,2.0,64.0,1.0,650.0,675.0,152.0,58.0,0.0,0.0,0.0,0.0
2025.0,321.0,522.0,3.0,118.0,374.0,512.0,272.0,59.0,266.0,10.0,173.0,1.0,4.0,136.0,1959.0,2860.0,13.0,52.0,1.0,34.0,2.0,625.0,670.0,156.0,50.0,0.0,0.0,0.0,0.0
2473.0,406.0,475.0,0.0,138.0,384.0,572.0,291.0,71.0,283.0,32.0,172.0,6.0,6.0,178.0,2291.0,3091.0,22.0,39.0,0.0,37.0,3.0,879.0,770.0,167.0,56.0,0.0,0.0,0.0,0.0
2168.0,424.0,495.0,0.0,170.0,400.0,525.0,224.0,134.0,358.0,19.0,149.0,3.0,1.0,149.0,1932.0,2646.0,19.0,40.0,4.0,45.0,0.0,887.0,639.0,181.0,87.0,0.0,0.0,0.0,0.0
2034.0,397.0,438.0,3.0,147.0,326.0,562.0,296.0,95.0,372.0,24.0,171.0,4.0,1.0,187.0,1842.0,2680.0,10.0,37.0,1.0,47.0,0.0,694.0,692.0,167.0,92.0,0.0,0.0,0.0,0.0
1961.0,336.0,387.0,4.0,208.0,387.0,602.0,599.0,154.0,356.0,18.0,146.0,2.0,3.0,239.0,2017.0,3162.0,14.0,25.0,0.0,29.0,1.0,679.0,649.0,161.0,92.0,0.0,0.0,0.0,0.0
2018.0,355.0,380.0,1.0,179.0,317.0,608.0,362.0,121.0,330.0,11.0,147.0,0.0,1.0,185.0,1785.0,2250.0,16.0,43.0,2.0,26.0,3.0,551.0,667.0,136.0,84.0,0.0,0.0,0.0,0.0
1840.0,292.0,336.0,1.0,181.0,268.0,625.0,265.0,69.0,292.0,26.0,88.0,1.0,1.0,113.0,1731.0,1931.0,14.0,44.0,0.0,33.0,3.0,547.0,665.0,127.0,63.0,0.0,0.0,0.0,0.0
2131.0,314.0,355.0,0.0,148.0,288.0,528.0,246.0,56.0,226.0,18.0,110.0,1.0,0.0,134.0,1635.0,2453.0,20.0,32.0,1.0,32.0,1.0,514.0,622.0,118.0,48.0,0.0,0.0,0.0,0.0
3443.0,393.0,437.0,0.0,164.0,449.0,639.0,283.0,69.0,310.0,17.0,148.0,5.0,3.0,202.0,2325.0,2325.0,10.0,43.0,3.0,32.0,0.0,589.0,760.0,240.0,90.0,0.0,0.0,0.0,0.0
2727.0,410.0,360.0,2.0,155.0,413.0,574.0,209.0,29.0,348.0,32.0,140.0,1.0,5.0,203.0,1916.0,2087.0,20.0,47.0,1.0,31.0,3.0,669.0,686.0,180.0,85.0,0.0,0.0,0.0,0.0
2111.0,388.0,367.0,1.0,144.0,364.0,676.0,248.0,70.0,330.0,20.0,140.0,5.0,1.0,150.0,1853.0,2067.0,18.0,39.0,2.0,33.0,1.0,779.0,696.0,149.0,77.0,0.0,0.0,0.0,0.0
2431.0,360.0,361.0,1.0,148.0,400.0,664.0,228.0,49.0,394.0,27.0,148.0,10.0,0.0,214.0,1893.0,2013.0,11.0,52.0,0.0,43.0,6.0,614.0,696.0,141.0,85.0,0.0,0.0,0.0,0.0
2031.0,348.0,374.0,0.0,172.0,330.0,579.0,180.0,52.0,390.0,18.0,134.0,11.0,3.0,173.0,1766.0,2143.0,17.0,41.0,0.0,22.0,3.0,648.0,651.0,143.0,51.0,0.0,0.0,0.0,0.0
1946.0,339.0,368.0,0.0,132.0,331.0,613.0,224.0,59.0,320.0,17.0,117.0,18.0,2.0,149.0,1671.0,1853.0,29.0,40.0,1.0,38.0,2.0,605.0,619.0,108.0,43.0,0.0,0.0,0.0,0.0
2743.0,395.0,497.0,2.0,122.0,352.0,535.0,197.0,64.0,231.0,22.0,148.0,22.0,1.0,150.0,1616.0,1908.0,18.0,32.0,0.0,32.0,4.0,612.0,566.0,136.0,34.0,0.0,0.0,0.0,0.0
3102.0,586.0,672.0,0.0,157.0,483.0,722.0,358.0,53.0,307.0,34.0,209.0,15.0,2.0,176.0,2687.0,2401.0,22.0,44.0,4.0,73.0,4.0,761.0,677.0,113.0,55.0,0.0,0.0,0.0,0.0
2447.0,549.0,594.0,0.0,170.0,432.0,754.0,228.0,50.0,385.0,28.0,183.0,15.0,2.0,196.0,2057.0,2922.0,23.0,31.0,3.0,59.0,1.0,711.0,702.0,194.0,53.0,0.0,0.0,0.0,0.0
2272.0,519.0,585.0,1.0,148.0,482.0,853.0,212.0,41.0,341.0,24.0,173.0,19.0,2.0,202.0,1819.0,1976.0,15.0,42.0,3.0,34.0,2.0,634.0,694.0,150.0,51.0,0.0,0.0,0.0,0.0
2236.0,837.0,647.0,4.0,136.0,929.0,796.0,207.0,48.0,339.0,24.0,1179.0,21.0,1.0,180.0,1918.0,1889.0,26.0,34.0,1.0,32.0,4.0,705.0,808.0,166.0,55.0,0.0,0.0,0.0,0.0
2591.0,1539.0,1355.0,3.0,177.0,1245.0,797.0,249.0,38.0,340.0,30.0,1599.0,30.0,4.0,168.0,1860.0,1865.0,18.0,30.0,2.0,44.0,2.0,830.0,778.0,175.0,57.0,0.0,0.0,0.0,0.0
4259.0,2594.0,1818.0,2.0,139.0,1111.0,1229.0,183.0,61.0,335.0,35.0,792.0,24.0,6.0,202.0,1718.0,1840.0,21.0,31.0,2.0,37.0,2.0,626.0,755.0,134.0,57.0,0.0,0.0,0.0,0.0
5948.0,2500.0,2338.0,1.0,177.0,1394.0,984.0,247.0,107.0,357.0,62.0,1330.0,20.0,8.0,278.0,1776.0,1951.0,25.0,32.0,1.0,87.0,5.0,749.0,715.0,122.0,29.0,0.0,0.0,0.0,0.0
6249.0,1874.0,2249.0,1.0,131.0,1245.0,966.0,249.0,42.0,492.0,56.0,963.0,11.0,6.0,332.0,2106.0,4097.0,22.0,22.0,0.0,53.0,2.0,823.0,740.0,153.0,53.0,0.0,0.0,0.0,0.0
4676.0,1371.0,1572.0,1.0,146.0,935.0,855.0,205.0,51.0,536.0,45.0,740.0,14.0,5.0,295.0,1855.0,3471.0,32.0,28.0,0.0,63.0,4.0,753.0,692.0,170.0,83.0,0.0,0.0,0.0,0.0
3338.0,1023.0,1149.0,2.0,174.0,660.0,865.0,224.0,45.0,421.0,37.0,392.0,13.0,3.0,209.0,1796.0,2837.0,24.0,34.0,0.0,41.0,4.0,608.0,726.0,152.0,62.0,0.0,0.0,0.0,0.0
2853.0,947.0,884.0,2.0,144.0,555.0,820.0,228.0,35.0,350.0,40.0,267.0,14.0,3.0,228.0,1801.0,2414.0,54.0,28.0,0.0,40.0,2.0,712.0,719.0,135.0,69.0,0.0,0.0,0.0,0.0
2883.0,1539.0,808.0,2.0,150.0,546.0,709.0,200.0,50.0,337.0,26.0,282.0,18.0,3.0,176.0,1748.0,2221.0,19.0,35.0,2.0,47.0,1.0,572.0,666.0,143.0,54.0,0.0,0.0,0.0,0.0
2600.0,841.0,719.0,3.0,169.0,459.0,874.0,186.0,34.0,276.0,24.0,211.0,18.0,1.0,161.0,1538.0,1864.0,15.0,33.0,1.0,42.0,2.0,677.0,786.0,132.0,53.0,0.0,0.0,0.0,0.0
2420.0,811.0,755.0,3.0,135.0,462.0,664.0,284.0,65.0,277.0,15.0,212.0,13.0,1.0,196.0,1538.0,3363.0,18.0,33.0,1.0,33.0,2.0,589.0,647.0,116.0,36.0,0.0,0.0,0.0,0.0
3050.0,908.0,1078.0,1.0,147.0,541.0,759.0,248.0,56.0,283.0,13.0,296.0,9.0,2.0,279.0,1846.0,3088.0,24.0,24.0,1.0,37.0,3.0,706.0,724.0,124.0,52.0,0.0,0.0,0.0,0.0
3034.0,976.0,1238.0,1.0,187.0,620.0,778.0,280.0,39.0,465.0,35.0,317.0,13.0,4.0,245.0,2063.0,2447.0,43.0,49.0,1.0,50.0,3.0,618.0,547.0,137.0,76.0,0.0,0.0,0.0,0.0
2468.0,829.0,717.0,4.0,216.0,535.0,713.0,278.0,36.0,325.0,35.0,233.0,8.0,5.0,163.0,1912.0,2290.0,46.0,54.0,0.0,39.0,2.0,551.0,577.0,259.0,92.0,0.0,0.0,0.0,0.0
2198.0,730.0,663.0,1.0,234.0,423.0,697.0,296.0,50.0,324.0,25.0,201.0,34.0,2.0,166.0,1942.0,2264.0,80.0,51.0,3.0,43.0,1.0,570.0,598.0,208.0,74.0,0.0,0.0,0.0,0.0
2073.0,654.0,589.0,0.0,213.0,413.0,654.0,215.0,68.0,298.0,13.0,164.0,9.0,5.0,141.0,1824.0,1954.0,31.0,42.0,0.0,51.0,2.0,564.0,661.0,173.0,59.0,0.0,0.0,0.0,0.0
2335.0,671.0,712.0,1.0,217.0,520.0,649.0,198.0,71.0,306.0,28.0,243.0,19.0,2.0,145.0,1843.0,1899.0,56.0,36.0,0.0,404.0,5.0,563.0,830.0,151.0,42.0,0.0,0.0,0.0,0.0
2060.0,760.0,611.0,2.0,153.0,411.0,566.0,231.0,85.0,271.0,18.0,229.0,11.0,1.0,169.0,1652.0,2236.0,27.0,33.0,1.0,50.0,2.0,613.0,696.0,138.0,32.0,0.0,0.0,0.0,0.0
2569.0,770.0,810.0,2.0,171.0,478.0,604.0,196.0,68.0,318.0,32.0,215.0,5.0,4.0,174.0,1982.0,2343.0,26.0,42.0,2.0,52.0,3.0,735.0,772.0,151.0,50.0,0.0,0.0,0.0,0.0
2822.0,771.0,1011.0,1.0,136.0,480.0,682.0,195.0,87.0,335.0,29.0,214.0,12.0,3.0,202.0,1738.0,1889.0,23.0,51.0,2.0,41.0,4.0,736.0,631.0,140.0,80.0,0.0,0.0,0.0,0.0
2495.0,674.0,879.0,4.0,174.0,374.0,705.0,195.0,74.0,311.0,29.0,210.0,4.0,1.0,162.0,1718.0,1668.0,25.0,29.0,1.0,30.0,4.0,525.0,673.0,156.0,69.0,0.0,0.0,0.0,0.0
2076.0,609.0,571.0,0.0,143.0,395.0,642.0,191.0,184.0,301.0,22.0,187.0,4.0,2.0,137.0,1605.0,1672.0,32.0,47.0,1.0,30.0,2.0,548.0,680.0,149.0,68.0,0.0,0.0,0.0,0.0
1919.0,518.0,482.0,1.0,118.0,349.0,518.0,216.0,330.0,297.0,17.0,152.0,9.0,2.0,174.0,1604.0,1668.0,15.0,34.0,0.0,41.0,1.0,559.0,613.0,111.0,68.0,0.0,0.0,0.0,0.0
1934.0,574.0,692.0,2.0,164.0,402.0,605.0,181.0,111.0,260.0,34.0,160.0,13.0,2.0,111.0,1523.0,1649.0,17.0,39.0,2.0,31.0,1.0,1236.0,667.0,130.0,56.0,0.0,0.0,0.0,0.0
1852.0,647.0,727.0,3.0,139.0,351.0,506.0,211.0,82.0,244.0,14.0,135.0,4.0,3.0,117.0,1562.0,1592.0,21.0,55.0,0.0,31.0,3.0,847.0,767.0,117.0,28.0,0.0,0.0,0.0,0.0
3058.0,728.0,730.0,5.0,164.0,445.0,620.0,228.0,74.0,306.0,20.0,191.0,8.0,2.0,164.0,1732.0,1955.0,28.0,62.0,4.0,49.0,1.0,985.0,1006.0,149.0,44.0,0.0,0.0,0.0,0.0
2605.0,667.0,846.0,2.0,128.0,385.0,618.0,205.0,68.0,305.0,19.0,162.0,11.0,5.0,163.0,1528.0,1909.0,16.0,41.0,1.0,44.0,0.0,838.0,815.0,160.0,49.0,0.0,0.0,0.0,0.0
2301.0,565.0,621.0,2.0,162.0,396.0,598.0,185.0,75.0,319.0,16.0,176.0,8.0,3.0,144.0,1535.0,2083.0,20.0,46.0,0.0,46.0,1.0,854.0,1328.0,153.0,61.0,0.0,0.0,0.0,0.0
2577.0,765.0,1443.0,2.0,162.0,493.0,652.0,174.0,90.0,337.0,19.0,213.0,4.0,1.0,143.0,1673.0,2366.0,18.0,51.0,1.0,42.0,2.0,1349.0,1424.0,168.0,84.0,0.0,0.0,0.0,0.0
2649.0,1254.0,1290.0,1.0,162.0,468.0,593.0,189.0,66.0,346.0,22.0,241.0,4.0,2.0,158.0,1691.0,2318.0,25.0,28.0,1.0,33.0,6.0,926.0,1159.0,169.0,72.0,0.0,0.0,0.0,0.0
2190.0,583.0,828.0,2.0,127.0,379.0,645.0,184.0,58.0,307.0,30.0,160.0,8.0,3.0,126.0,1527.0,1773.0,17.0,49.0,1.0,34.0,0.0,1105.0,1130.0,140.0,52.0,0.0,0.0,0.0,0.0
2082.0,545.0,616.0,2.0,145.0,347.0,559.0,180.0,41.0,283.0,24.0,159.0,9.0,2.0,150.0,1565.0,1880.0,29.0,38.0,1.0,36.0,1.0,1253.0,1047.0,183.0,51.0,0.0,0.0,0.0,0.0
2676.0,809.0,1298.0,1.0,147.0,470.0,680.0,207.0,41.0,353.0,26.0,232.0,8.0,1.0,170.0,1846.0,2392.0,24.0,53.0,1.0,42.0,3.0,1144.0,1149.0,196.0,68.0,0.0,0.0,0.0,0.0
3144.0,724.0,2239.0,2.0,177.0,517.0,790.0,211.0,42.0,375.0,31.0,276.0,7.0,2.0,212.0,1696.0,1944.0,18.0,50.0,2.0,39.0,3.0,871.0,854.0,153.0,98.0,0.0,0.0,0.0,0.0
2465.0,569.0,1104.0,0.0,144.0,443.0,761.0,208.0,28.0,307.0,33.0,238.0,9.0,1.0,171.0,1751.0,1925.0,24.0,22.0,2.0,34.0,3.0,765.0,751.0,157.0,86.0,0.0,0.0,0.0,0.0
2339.0,549.0,790.0,1.0,143.0,412.0,670.0,173.0,28.0,320.0,31.0,187.0,5.0,5.0,168.0,1707.0,1939.0,14.0,31.0,2.0,41.0,3.0,646.0,759.0,181.0,74.0,0.0,0.0,0.0,0.0
2472.0,514.0,986.0,1.0,143.0,339.0,701.0,177.0,28.0,328.0,38.0,203.0,8.0,1.0,156.0,1534.0,2041.0,21.0,38.0,1.0,40.0,3.0,852.0,894.0,135.0,72.0,0.0,0.0,0.0,0.0
2051.0,451.0,646.0,5.0,118.0,314.0,591.0,187.0,36.0,271.0,49.0,148.0,9.0,1.0,117.0,1437.0,2147.0,18.0,19.0,2.0,40.0,2.0,654.0,746.0,189.0,75.0,0.0,0.0,0.0,0.0
2105.0,469.0,549.0,1.0,115.0,359.0,556.0,175.0,60.0,252.0,31.0,144.0,8.0,2.0,170.0,1435.0,2755.0,24.0,37.0,3.0,24.0,2.0,733.0,818.0,106.0,39.0,0.0,0.0,0.0,0.0
2829.0,594.0,732.0,2.0,137.0,491.0,990.0,214.0,48.0,333.0,29.0,195.0,1.0,4.0,201.0,1769.0,2500.0,14.0,29.0,5.0,47.0,2.0,864.0,977.0,157.0,66.0,0.0,0.0,0.0,0.0
2220.0,506.0,607.0,4.0,112.0,422.0,668.0,245.0,51.0,321.0,30.0,168.0,2.0,1.0,225.0,1775.0,2313.0,14.0,43.0,1.0,26.0,5.0,672.0,919.0,152.0,88.0,0.0,0.0,0.0,0.0
2456.0,486.0,607.0,0.0,143.0,444.0,772.0,216.0,28.0,338.0,19.0,182.0,5.0,6.0,175.0,1689.0,2167.0,28.0,46.0,1.0,49.0,2.0,626.0,747.0,113.0,102.0,0.0,0.0,0.0,0.0
2193.0,481.0,754.0,0.0,186.0,439.0,674.0,219.0,67.0,333.0,28.0,194.0,3.0,3.0,166.0,1723.0,2838.0,60.0,40.0,0.0,30.0,3.0,624.0,773.0,185.0,93.0,0.0,0.0,0.0,0.0
2552.0,548.0,640.0,3.0,138.0,417.0,702.0,176.0,48.0,360.0,18.0,175.0,5.0,3.0,155.0,1495.0,2729.0,18.0,22.0,2.0,35.0,2.0,607.0,673.0,146.0,76.0,0.0,0.0,0.0,0.0
2603.0,408.0,465.0,2.0,135.0,378.0,817.0,236.0,55.0,277.0,26.0,151.0,5.0,1.0,165.0,1473.0,2637.0,14.0,31.0,0.0,29.0,1.0,574.0,682.0,134.0,41.0,0.0,0.0,0.0,0.0
2215.0,447.0,526.0,0.0,128.0,327.0,582.0,212.0,41.0,267.0,27.0,159.0,8.0,5.0,112.0,1382.0,2254.0,27.0,33.0,3.0,29.0,3.0,543.0,588.0,110.0,55.0,0.0,0.0,0.0,0.0
2765.0,573.0,853.0,2.0,186.0,426.0,688.0,264.0,31.0,347.0,25.0,235.0,4.0,5.0,181.0,1838.0,2421.0,17.0,48.0,2.0,43.0,8.0,873.0,801.0,163.0,73.0,0.0,0.0,0.0,0.0
2167.0,430.0,533.0,0.0,115.0,334.0,715.0,191.0,53.0,365.0,28.0,186.0,2.0,2.0,157.0,1690.0,1817.0,20.0,35.0,2.0,43.0,0.0,688.0,769.0,159.0,68.0,0.0,0.0,0.0,0.0
2289.0,484.0,448.0,1.0,138.0,427.0,601.0,211.0,29.0,366.0,28.0,189.0,3.0,4.0,184.0,1567.0,1881.0,14.0,39.0,2.0,32.0,1.0,638.0,665.0,140.0,100.0,0.0,0.0,0.0,0.0
2317.0,426.0,523.0,2.0,140.0,388.0,573.0,223.0,64.0,370.0,22.0,174.0,4.0,1.0,147.0,1651.0,2437.0,23.0,19.0,1.0,31.0,3.0,639.0,688.0,154.0,77.0,0.0,0.0,0.0,0.0
3096.0,438.0,500.0,1.0,138.0,396.0,620.0,216.0,33.0,318.0,27.0,173.0,7.0,1.0,188.0,1560.0,2003.0,22.0,29.0,0.0,30.0,3.0,550.0,610.0,135.0,77.0,0.0,0.0,0.0,0.0
2130.0,386.0,449.0,3.0,109.0,295.0,534.0,201.0,54.0,255.0,19.0,136.0,7.0,1.0,124.0,1352.0,1862.0,19.0,39.0,0.0,28.0,0.0,482.0,556.0,116.0,49.0,0.0,0.0,0.0,0.0
1892.0,387.0,431.0,0.0,101.0,326.0,452.0,185.0,34.0,251.0,24.0,136.0,5.0,5.0,133.0,1766.0,1697.0,10.0,50.0,1.0,34.0,1.0,573.0,513.0,106.0,42.0,0.0,0.0,0.0,0.0
2835.0,524.0,1076.0,5.0,225.0,481.0,589.0,212.0,28.0,325.0,26.0,228.0,3.0,5.0,145.0,1861.0,1905.0,11.0,38.0,0.0,31.0,0.0,725.0,660.0,124.0,73.0,0.0,0.0,0.0,0.0
2462.0,453.0,639.0,1.0,207.0,548.0,592.0,210.0,24.0,321.0,26.0,361.0,6.0,4.0,228.0,1672.0,2108.0,12.0,31.0,2.0,41.0,3.0,532.0,603.0,132.0,76.0,0.0,0.0,0.0,0.0
2274.0,531.0,1816.0,1.0,182.0,449.0,613.0,219.0,36.0,396.0,30.0,345.0,3.0,1.0,156.0,1718.0,2039.0,14.0,34.0,2.0,52.0,1.0,667.0,704.0,171.0,95.0,0.0,0.0,0.0,0.0
2005.0,419.0,656.0,1.0,209.0,397.0,604.0,183.0,52.0,316.0,18.0,204.0,8.0,1.0,172.0,1637.0,1942.0,28.0,32.0,1.0,110.0,0.0,689.0,633.0,158.0,83.0,0.0,0.0,0.0,0.0
2244.0,416.0,783.0,4.0,125.0,386.0,513.0,176.0,38.0,355.0,23.0,179.0,4.0,4.0,174.0,1463.0,1665.0,21.0,22.0,2.0,56.0,5.0,568.0,722.0,144.0,68.0,0.0,0.0,0.0,0.0
1964.0,355.0,429.0,1.0,135.0,363.0,524.0,208.0,48.0,290.0,15.0,125.0,6.0,11.0,159.0,1699.0,1960.0,18.0,26.0,0.0,54.0,2.0,475.0,615.0,116.0,44.0,0.0,0.0,0.0,0.0
2364.0,370.0,459.0,5.0,128.0,385.0,483.0,188.0,35.0,259.0,21.0,148.0,3.0,1.0,159.0,1616.0,1461.0,25.0,33.0,3.0,1279.0,3.0,583.0,591.0,136.0,38.0,0.0,0.0,0.0,0.0
2745.0,424.0,470.0,4.0,121.0,412.0,568.0,215.0,32.0,279.0,17.0,165.0,6.0,1.0,168.0,1720.0,1669.0,23.0,36.0,0.0,77.0,3.0,654.0,672.0,162.0,83.0,0.0,0.0,0.0,0.0
6267.0,571.0,639.0,5.0,134.0,417.0,645.0,195.0,35.0,345.0,32.0,213.0,1.0,3.0,208.0,1768.0,1479.0,31.0,21.0,1.0,64.0,6.0,618.0,762.0,177.0,97.0,0.0,0.0,0.0,0.0
4361.0,479.0,601.0,4.0,130.0,493.0,611.0,196.0,20.0,343.0,34.0,156.0,2.0,2.0,205.0,1734.0,1535.0,19.0,35.0,2.0,50.0,0.0,730.0,712.0,144.0,74.0,0.0,0.0,0.0,0.0
2463.0,353.0,457.0,2.0,113.0,408.0,570.0,185.0,35.0,286.0,27.0,165.0,6.0,0.0,137.0,1604.0,1711.0,11.0,30.0,5.0,34.0,4.0,596.0,555.0,159.0,97.0,0.0,0.0,0.0,0.0
2035.0,375.0,366.0,4.0,109.0,341.0,558.0,174.0,35.0,283.0,22.0,113.0,5.0,1.0,125.0,1476.0,1732.0,19.0,35.0,3.0,26.0,2.0,716.0,571.0,161.0,63.0,0.0,0.0,0.0,0.0
1863.0,357.0,321.0,2.0,110.0,319.0,501.0,173.0,34.0,267.0,17.0,120.0,3.0,2.0,112.0,1321.0,1464.0,20.0,33.0,1.0,37.0,0.0,449.0,567.0,145.0,54.0,0.0,0.0,0.0,0.0
2111.0,307.0,399.0,0.0,101.0,313.0,564.0,245.0,28.0,250.0,24.0,129.0,7.0,3.0,109.0,1424.0,1428.0,16.0,34.0,1.0,26.0,2.0,459.0,564.0,86.0,38.0,0.0,0.0,0.0,0.0
2488.0,359.0,464.0,1.0,123.0,339.0,539.0,188.0,30.0,236.0,20.0,150.0,8.0,1.0,136.0,1502.0,1461.0,20.0,36.0,1.0,30.0,2.0,690.0,707.0,114.0,36.0,0.0,0.0,0.0,0.0
1926.0,327.0,379.0,1.0,96.0,273.0,447.0,167.0,31.0,260.0,19.0,126.0,6.0,4.0,173.0,1409.0,1293.0,12.0,40.0,2.0,36.0,1.0,594.0,690.0,146.0,62.0,0.0,0.0,0.0,0.0
1689.0,328.0,364.0,1.0,162.0,296.0,449.0,208.0,28.0,262.0,12.0,123.0,3.0,5.0,77.0,1357.0,1331.0,15.0,29.0,1.0,34.0,3.0,623.0,657.0,117.0,46.0,0.0,0.0,0.0,0.0
2395.0,814.0,531.0,1.0,135.0,633.0,528.0,197.0,37.0,301.0,28.0,251.0,5.0,6.0,151.0,2759.0,1289.0,15.0,33.0,1.0,49.0,4.0,627.0,578.0,115.0,42.0,0.0,0.0,0.0,0.0
3295.0,1009.0,708.0,0.0,146.0,639.0,571.0,197.0,45.0,329.0,20.0,303.0,4.0,4.0,184.0,1399.0,1274.0,10.0,36.0,4.0,55.0,1.0,585.0,502.0,99.0,39.0,0.0,0.0,0.0,0.0
6090.0,3046.0,1870.0,1.0,156.0,1294.0,949.0,232.0,48.0,363.0,55.0,525.0,2.0,3.0,432.0,1848.0,1381.0,11.0,38.0,1.0,53.0,0.0,945.0,655.0,158.0,51.0,0.0,0.0,0.0,0.0
4343.0,1351.0,1365.0,2.0,144.0,860.0,656.0,250.0,34.0,339.0,30.0,395.0,7.0,2.0,260.0,1518.0,1329.0,8.0,36.0,3.0,49.0,0.0,889.0,1062.0,145.0,50.0,0.0,0.0,0.0,0.0
4307.0,995.0,1176.0,1.0,154.0,763.0,812.0,316.0,53.0,324.0,29.0,337.0,5.0,3.0,254.0,1620.0,1382.0,21.0,37.0,7.0,71.0,2.0,1097.0,656.0,130.0,38.0,0.0,0.0,0.0,0.0
3337.0,778.0,1062.0,1.0,120.0,644.0,665.0,230.0,54.0,288.0,30.0,267.0,3.0,2.0,240.0,1656.0,1579.0,18.0,34.0,2.0,50.0,6.0,973.0,584.0,132.0,37.0,0.0,0.0,0.0,0.0
2642.0,594.0,689.0,2.0,138.0,460.0,653.0,206.0,32.0,316.0,22.0,221.0,5.0,1.0,185.0,1453.0,1547.0,24.0,34.0,3.0,42.0,1.0,656.0,522.0,135.0,43.0,0.0,0.0,0.0,0.0
2392.0,499.0,544.0,3.0,130.0,401.0,1091.0,223.0,80.0,244.0,36.0,199.0,7.0,3.0,163.0,1626.0,1491.0,8.0,22.0,1.0,32.0,2.0,591.0,487.0,142.0,63.0,0.0,0.0,0.0,0.0
2132.0,462.0,698.0,3.0,172.0,402.0,569.0,168.0,41.0,272.0,25.0,207.0,5.0,2.0,174.0,1614.0,1347.0,27.0,40.0,0.0,44.0,1.0,581.0,470.0,158.0,69.0,0.0,0.0,0.0,0.0
1875.0,375.0,436.0,0.0,155.0,342.0,511.0,162.0,32.0,260.0,10.0,145.0,4.0,7.0,138.0,1367.0,1137.0,16.0,31.0,1.0,35.0,2.0,475.0,502.0,128.0,48.0,0.0,0.0,0.0,0.0
2168.0,400.0,428.0,1.0,114.0,505.0,511.0,189.0,42.0,244.0,18.0,202.0,3.0,0.0,131.0,1507.0,1369.0,26.0,31.0,2.0,51.0,1.0,528.0,607.0,153.0,55.0,0.0,0.0,0.0,0.0
2526.0,466.0,549.0,2.0,307.0,514.0,669.0,262.0,40.0,247.0,16.0,196.0,4.0,2.0,174.0,1742.0,1622.0,19.0,40.0,1.0,48.0,2.0,692.0,600.0,170.0,63.0,0.0,0.0,0.0,0.0
2106.0,359.0,445.0,1.0,231.0,366.0,528.0,210.0,35.0,392.0,20.0,161.0,2.0,4.0,171.0,1618.0,1401.0,18.0,29.0,4.0,31.0,1.0,526.0,568.0,178.0,104.0,0.0,0.0,0.0,0.0
2487.0,363.0,503.0,1.0,180.0,388.0,624.0,201.0,35.0,325.0,22.0,181.0,5.0,2.0,203.0,1518.0,1823.0,19.0,30.0,0.0,39.0,2.0,573.0,546.0,149.0,81.0,0.0,0.0,0.0,0.0
2303.0,356.0,444.0,1.0,158.0,329.0,710.0,213.0,41.0,313.0,26.0,131.0,3.0,1.0,194.0,1580.0,1590.0,11.0,33.0,0.0,38.0,1.0,575.0,564.0,182.0,108.0,0.0,0.0,0.0,0.0
2242.0,418.0,915.0,0.0,174.0,457.0,628.0,187.0,37.0,285.0,28.0,238.0,3.0,1.0,147.0,1602.0,1629.0,24.0,29.0,3.0,36.0,4.0,751.0,536.0,141.0,71.0,0.0,0.0,0.0,0.0
1704.0,302.0,431.0,0.0,158.0,332.0,504.0,204.0,44.0,236.0,13.0,152.0,5.0,4.0,121.0,1363.0,1378.0,19.0,19.0,4.0,29.0,1.0,439.0,468.0,122.0,48.0,0.0,0.0,0.0,0.0
1755.0,276.0,362.0,1.0,116.0,303.0,442.0,182.0,30.0,186.0,23.0,122.0,7.0,7.0,100.0,1266.0,1349.0,3.0,24.0,2.0,27.0,2.0,412.0,445.0,113.0,21.0,0.0,0.0,0.0,0.0
2279.0,416.0,490.0,2.0,158.0,390.0,576.0,260.0,38.0,259.0,29.0,174.0,4.0,1.0,186.0,1888.0,1508.0,14.0,27.0,0.0,46.0,4.0,565.0,605.0,147.0,74.0,0.0,0.0,0.0,0.0
2232.0,416.0,504.0,0.0,177.0,454.0,634.0,223.0,30.0,327.0,46.0,150.0,2.0,3.0,180.0,2203.0,1536.0,29.0,34.0,2.0,47.0,3.0,493.0,658.0,142.0,93.0,0.0,0.0,0.0,0.0
3865.0,432.0,627.0,1.0,170.0,472.0,640.0,183.0,40.0,306.0,40.0,187.0,3.0,5.0,262.0,1738.0,1532.0,13.0,42.0,1.0,37.0,6.0,466.0,622.0,172.0,96.0,0.0,0.0,0.0,0.0
26690.0,775.0,978.0,1.0,163.0,778.0,749.0,204.0,39.0,366.0,69.0,258.0,2.0,1.0,428.0,1875.0,1855.0,27.0,31.0,0.0,99.0,2.0,411.0,543.0,191.0,71.0,0.0,0.0,0.0,0.0
3892.0,438.0,484.0,0.0,230.0,446.0,522.0,180.0,47.0,254.0,26.0,159.0,3.0,2.0,182.0,1722.0,2021.0,10.0,26.0,5.0,37.0,1.0,446.0,507.0,128.0,44.0,0.0,0.0,0.0,0.0
2779.0,374.0,404.0,2.0,117.0,419.0,564.0,197.0,55.0,276.0,12.0,188.0,7.0,4.0,160.0,1477.0,1623.0,18.0,30.0,1.0,40.0,3.0,447.0,491.0,131.0,55.0,0.0,0.0,0.0,0.0
2372.0,324.0,397.0,1.0,115.0,338.0,500.0,210.0,42.0,176.0,18.0,193.0,2.0,0.0,134.0,1343.0,1547.0,21.0,24.0,2.0,31.0,0.0,521.0,453.0,138.0,27.0,0.0,0.0,0.0,0.0
2628.0,348.0,367.0,0.0,129.0,359.0,534.0,183.0,33.0,208.0,17.0,165.0,7.0,5.0,143.0,1461.0,1798.0,22.0,37.0,1.0,50.0,1.0,720.0,490.0,127.0,38.0,0.0,0.0,0.0,0.0
2476.0,401.0,533.0,4.0,253.0,437.0,574.0,225.0,28.0,281.0,28.0,172.0,3.0,2.0,183.0,1872.0,1579.0,26.0,49.0,0.0,37.0,4.0,667.0,553.0,175.0,78.0,0.0,0.0,0.0,0.0
2337.0,628.0,489.0,1.0,249.0,400.0,588.0,182.0,40.0,317.0,27.0,162.0,2.0,2.0,189.0,1589.0,1426.0,28.0,42.0,1.0,40.0,2.0,502.0,503.0,173.0,93.0,0.0,0.0,0.0,0.0
2763.0,767.0,518.0,3.0,158.0,453.0,579.0,149.0,37.0,306.0,29.0,241.0,2.0,6.0,191.0,1572.0,1472.0,22.0,28.0,2.0,144.0,2.0,478.0,587.0,173.0,83.0,0.0,0.0,0.0,0.0
2149.0,442.0,413.0,1.0,164.0,318.0,569.0,147.0,30.0,245.0,18.0,127.0,3.0,4.0,164.0,1387.0,1470.0,16.0,24.0,2.0,31.0,2.0,389.0,468.0,171.0,82.0,0.0,0.0,0.0,0.0
1827.0,339.0,353.0,1.0,129.0,288.0,545.0,159.0,37.0,256.0,27.0,121.0,4.0,6.0,137.0,1371.0,1412.0,15.0,30.0,2.0,21.0,2.0,381.0,497.0,168.0,65.0,0.0,0.0,0.0,0.0
1793.0,544.0,340.0,1.0,118.0,412.0,492.0,156.0,25.0,214.0,12.0,138.0,5.0,3.0,149.0,1329.0,1500.0,12.0,36.0,2.0,31.0,2.0,430.0,522.0,118.0,53.0,0.0,0.0,0.0,0.0
2705.0,527.0,582.0,4.0,6170.0,512.0,571.0,229.0,29.0,266.0,27.0,221.0,3.0,2.0,200.0,1652.0,1540.0,23.0,44.0,2.0,83.0,3.0,565.0,564.0,141.0,85.0,0.0,0.0,0.0,0.0
2547.0,458.0,529.0,0.0,5838.0,395.0,651.0,224.0,36.0,263.0,28.0,149.0,5.0,7.0,239.0,1682.0,1776.0,24.0,35.0,2.0,59.0,4.0,481.0,546.0,162.0,97.0,0.0,0.0,0.0,0.0
2871.0,1401.0,621.0,1.0,3806.0,414.0,594.0,218.0,44.0,279.0,45.0,177.0,3.0,8.0,184.0,1653.0,1799.0,31.0,47.0,0.0,41.0,2.0,705.0,650.0,194.0,110.0,0.0,0.0,0.0,0.0
3678.0,1388.0,606.0,2.0,539.0,517.0,716.0,266.0,51.0,364.0,27.0,208.0,1.0,5.0,211.0,1759.0,1673.0,23.0,32.0,1.0,41.0,0.0,499.0,597.0,204.0,69.0,0.0,0.0,0.0,0.0
3880.0,1946.0,804.0,0.0,324.0,633.0,658.0,214.0,34.0,300.0,25.0,238.0,4.0,3.0,285.0,1732.0,1531.0,15.0,21.0,1.0,40.0,8.0,454.0,487.0,158.0,85.0,0.0,0.0,0.0,0.0
4223.0,1321.0,570.0,3.0,276.0,568.0,586.0,177.0,33.0,253.0,24.0,210.0,2.0,1.0,212.0,1624.0,1451.0,8.0,31.0,1.0,78.0,2.0,699.0,500.0,132.0,66.0,0.0,0.0,0.0,0.0
6267.0,1199.0,673.0,0.0,188.0,593.0,540.0,175.0,45.0,214.0,31.0,207.0,3.0,4.0,218.0,1509.0,1464.0,11.0,35.0,3.0,85.0,4.0,526.0,497.0,133.0,34.0,0.0,0.0,0.0,0.0
7162.0,1474.0,913.0,1.0,234.0,849.0,664.0,231.0,36.0,272.0,42.0,354.0,0.0,2.0,323.0,2597.0,1567.0,17.0,46.0,0.0,185.0,3.0,465.0,569.0,137.0,63.0,0.0,0.0,0.0,0.0
4942.0,1088.0,863.0,0.0,465.0,652.0,626.0,205.0,32.0,277.0,26.0,310.0,3.0,3.0,226.0,2318.0,1648.0,29.0,41.0,2.0,185.0,0.0,501.0,552.0,157.0,96.0,0.0,0.0,0.0,0.0
2690.0,611.0,532.0,0.0,453.0,484.0,532.0,221.0,31.0,293.0,14.0,237.0,2.0,1.0,177.0,1857.0,2028.0,22.0,43.0,0.0,49.0,6.0,522.0,578.0,166.0,84.0,0.0,0.0,0.0,0.0
2455.0,453.0,473.0,2.0,314.0,416.0,518.0,181.0,66.0,261.0,21.0,194.0,6.0,3.0,154.0,1723.0,1660.0,17.0,58.0,0.0,48.0,3.0,530.0,491.0,125.0,48.0,0.0,0.0,0.0,0.0
2543.0,509.0,551.0,1.0,452.0,403.0,511.0,221.0,33.0,230.0,38.0,199.0,4.0,2.0,145.0,1719.0,1366.0,25.0,45.0,2.0,38.0,1.0,547.0,499.0,116.0,43.0,0.0,0.0,0.0,0.0
1995.0,447.0,428.0,1.0,6700.0,350.0,451.0,271.0,35.0,251.0,16.0,166.0,3.0,2.0,119.0,1744.0,1855.0,26.0,30.0,4.0,56.0,1.0,635.0,577.0,126.0,42.0,0.0,0.0,0.0,0.0
2131.0,349.0,387.0,3.0,2122.0,380.0,463.0,174.0,48.0,265.0,20.0,174.0,2.0,2.0,138.0,1667.0,1442.0,19.0,27.0,2.0,48.0,3.0,516.0,539.0,132.0,48.0,0.0,0.0,0.0,0.0
2369.0,396.0,493.0,2.0,1034.0,409.0,544.0,246.0,41.0,267.0,22.0,181.0,3.0,2.0,161.0,1759.0,1660.0,22.0,39.0,2.0,43.0,0.0,588.0,534.0,154.0,71.0,0.0,0.0,0.0,0.0
2145.0,428.0,564.0,0.0,594.0,383.0,515.0,166.0,43.0,300.0,22.0,142.0,1.0,3.0,148.0,1686.0,1409.0,27.0,36.0,5.0,49.0,1.0,436.0,570.0,175.0,113.0,0.0,0.0,0.0,0.0
2124.0,433.0,400.0,2.0,394.0,364.0,619.0,184.0,32.0,282.0,20.0,205.0,1.0,1.0,159.0,1858.0,1473.0,14.0,34.0,2.0,38.0,0.0,548.0,672.0,188.0,93.0,0.0,0.0,0.0,0.0
2067.0,380.0,449.0,0.0,383.0,353.0,567.0,192.0,47.0,270.0,22.0,176.0,7.0,3.0,157.0,1751.0,1310.0,15.0,52.0,2.0,69.0,0.0,484.0,658.0,158.0,84.0,0.0,0.0,0.0,0.0
1890.0,402.0,396.0,0.0,278.0,289.0,533.0,159.0,32.0,282.0,14.0,170.0,2.0,1.0,114.0,1490.0,1469.0,26.0,31.0,5.0,123.0,2.0,438.0,574.0,119.0,79.0,0.0,0.0,0.0,0.0
1721.0,316.0,389.0,2.0,217.0,289.0,520.0,171.0,40.0,227.0,13.0,160.0,2.0,2.0,111.0,1336.0,1288.0,10.0,30.0,0.0,42.0,2.0,391.0,562.0,119.0,49.0,0.0,0.0,0.0,0.0
1430.0,207.0,253.0,0.0,171.0,212.0,395.0,143.0,47.0,183.0,16.0,114.0,2.0,1.0,83.0,1073.0,1297.0,19.0,22.0,2.0,35.0,2.0,409.0,504.0,67.0,24.0,0.0,0.0,0.0,0.0
1718.0,284.0,312.0,2.0,183.0,271.0,445.0,168.0,28.0,219.0,12.0,150.0,2.0,2.0,148.0,1646.0,1859.0,17.0,48.0,1.0,29.0,8.0,556.0,881.0,90.0,37.0,0.0,0.0,0.0,0.0
1982.0,305.0,410.0,1.0,229.0,367.0,496.0,197.0,24.0,292.0,20.0,160.0,7.0,1.0,145.0,2368.0,1789.0,7.0,47.0,1.0,36.0,0.0,477.0,532.0,120.0,70.0,0.0,0.0,0.0,0.0
1657.0,324.0,347.0,1.0,167.0,281.0,464.0,178.0,21.0,259.0,7.0,109.0,3.0,1.0,124.0,1804.0,1653.0,9.0,38.0,0.0,24.0,2.0,507.0,478.0,163.0,83.0,0.0,0.0,0.0,0.0
1619.0,350.0,334.0,4.0,233.0,257.0,454.0,186.0,30.0,271.0,19.0,139.0,4.0,5.0,136.0,1539.0,1701.0,18.0,45.0,2.0,35.0,2.0,559.0,506.0,170.0,66.0,0.0,0.0,0.0,0.0
1639.0,301.0,347.0,2.0,191.0,286.0,488.0,177.0,47.0,249.0,17.0,197.0,2.0,1.0,125.0,1399.0,1574.0,18.0,33.0,2.0,51.0,3.0,455.0,529.0,159.0,80.0,0.0,0.0,0.0,0.0
1562.0,303.0,360.0,3.0,213.0,287.0,412.0,205.0,45.0,234.0,12.0,248.0,2.0,3.0,91.0,1399.0,1453.0,15.0,36.0,4.0,32.0,2.0,406.0,460.0,160.0,43.0,0.0,0.0,0.0,0.0
1701.0,327.0,317.0,2.0,132.0,269.0,357.0,165.0,32.0,193.0,14.0,192.0,3.0,2.0,109.0,1353.0,1290.0,26.0,40.0,0.0,41.0,1.0,443.0,445.0,125.0,56.0,0.0,0.0,0.0,0.0
1893.0,380.0,370.0,1.0,181.0,282.0,434.0,191.0,27.0,244.0,14.0,226.0,1.0,3.0,129.0,1428.0,1632.0,9.0,35.0,2.0,45.0,5.0,533.0,547.0,119.0,44.0,0.0,0.0,0.0,0.0
1733.0,270.0,324.0,3.0,180.0,298.0,425.0,184.0,32.0,290.0,25.0,210.0,1.0,1.0,137.0,1603.0,1487.0,12.0,32.0,2.0,69.0,4.0,472.0,517.0,125.0,75.0,0.0,0.0,0.0,0.0
1600.0,282.0,315.0,2.0,183.0,312.0,460.0,173.0,32.0,335.0,15.0,210.0,3.0,2.0,159.0,1514.0,1667.0,11.0,37.0,0.0,40.0,3.0,609.0,528.0,171.0,60.0,0.0,0.0,0.0,0.0
1537.0,272.0,253.0,1.0,206.0,293.0,699.0,179.0,27.0,255.0,13.0,199.0,1.0,1.0,129.0,1334.0,1392.0,15.0,40.0,1.0,34.0,4.0,440.0,468.0,156.0,55.0,0.0,0.0,0.0,0.0
1709.0,276.0,384.0,0.0,180.0,314.0,534.0,174.0,47.0,233.0,15.0,166.0,3.0,2.0,116.0,1375.0,1354.0,12.0,39.0,2.0,42.0,6.0,427.0,491.0,177.0,55.0,0.0,0.0,0.0,0.0
1445.0,250.0,268.0,2.0,163.0,247.0,451.0,173.0,53.0,257.0,11.0,116.0,4.0,2.0,97.0,1240.0,1337.0,17.0,40.0,0.0,15.0,1.0,450.0,424.0,152.0,60.0,0.0,0.0,0.0,0.0
1428.0,219.0,258.0,3.0,119.0,262.0,432.0,153.0,45.0,188.0,18.0,126.0,2.0,6.0,117.0,1270.0,1262.0,10.0,34.0,0.0,17.0,1.0,464.0,420.0,137.0,35.0,0.0,0.0,0.0,0.0
1603.0,284.0,352.0,1.0,158.0,258.0,448.0,160.0,32.0,237.0,12.0,150.0,1.0,7.0,127.0,1381.0,1385.0,22.0,37.0,0.0,26.0,3.0,568.0,561.0,166.0,47.0,0.0,0.0,0.0,0.0
1618.0,245.0,298.0,1.0,160.0,281.0,470.0,157.0,29.0,260.0,24.0,123.0,4.0,1.0,138.0,1272.0,1359.0,15.0,30.0,1.0,19.0,3.0,505.0,511.0,145.0,55.0,0.0,0.0,0.0,0.0
1465.0,278.0,296.0,1.0,149.0,284.0,507.0,170.0,44.0,257.0,14.0,162.0,5.0,3.0,137.0,1300.0,1497.0,33.0,30.0,8.0,15.0,1.0,472.0,483.0,417.0,74.0,0.0,0.0,0.0,0.0
1556.0,299.0,300.0,3.0,151.0,275.0,483.0,170.0,28.0,301.0,11.0,142.0,3.0,4.0,169.0,1325.0,1349.0,14.0,46.0,4.0,34.0,7.0,489.0,426.0,156.0,86.0,0.0,0.0,0.0,0.0
1551.0,323.0,290.0,1.0,140.0,285.0,438.0,165.0,31.0,300.0,18.0,116.0,1.0,2.0,126.0,1308.0,1696.0,24.0,29.0,1.0,23.0,1.0,714.0,515.0,165.0,139.0,0.0,0.0,0.0,0.0
1721.0,347.0,233.0,1.0,138.0,279.0,398.0,153.0,30.0,260.0,9.0,127.0,2.0,1.0,73.0,1205.0,1420.0,12.0,31.0,1.0,16.0,7.0,447.0,584.0,92.0,45.0,0.0,0.0,0.0,0.0
1516.0,249.0,265.0,2.0,226.0,294.0,410.0,164.0,39.0,237.0,15.0,125.0,2.0,1.0,89.0,1222.0,1229.0,19.0,28.0,2.0,218.0,2.0,492.0,524.0,124.0,38.0,0.0,0.0,0.0,0.0
1833.0,363.0,486.0,2.0,154.0,327.0,414.0,178.0,21.0,278.0,17.0,158.0,3.0,5.0,108.0,1394.0,2013.0,33.0,39.0,1.0,186.0,4.0,664.0,543.0,137.0,83.0,0.0,0.0,0.0,0.0
1956.0,380.0,725.0,2.0,127.0,308.0,404.0,178.0,17.0,231.0,15.0,131.0,2.0,1.0,121.0,1336.0,1492.0,13.0,36.0,5.0,65.0,2.0,599.0,557.0,164.0,61.0,0.0,0.0,0.0,0.0
1992.0,374.0,753.0,0.0,140.0,332.0,411.0,202.0,25.0,263.0,17.0,136.0,2.0,1.0,133.0,1314.0,1554.0,19.0,34.0,2.0,35.0,4.0,1034.0,538.0,152.0,53.0,0.0,0.0,0.0,0.0
1824.0,343.0,618.0,3.0,177.0,285.0,424.0,187.0,36.0,342.0,12.0,185.0,3.0,1.0,122.0,1364.0,1724.0,19.0,26.0,2.0,41.0,3.0,679.0,523.0,145.0,68.0,0.0,0.0,0.0,0.0
2525.0,326.0,602.0,0.0,157.0,336.0,372.0,184.0,24.0,261.0,30.0,206.0,1.0,6.0,133.0,1355.0,1377.0,16.0,32.0,0.0,68.0,1.0,612.0,463.0,116.0,43.0,0.0,0.0,0.0,0.0
1658.0,274.0,386.0,1.0,118.0,323.0,402.0,176.0,39.0,221.0,21.0,138.0,2.0,2.0,85.0,1154.0,1406.0,20.0,32.0,2.0,25.0,3.0,437.0,413.0,113.0,65.0,0.0,0.0,0.0,0.0
1446.0,241.0,412.0,1.0,98.0,265.0,368.0,135.0,54.0,201.0,21.0,165.0,6.0,2.0,105.0,1111.0,1207.0,18.0,22.0,3.0,28.0,5.0,528.0,1434.0,103.0,36.0,0.0,0.0,0.0,0.0
1797.0,275.0,407.0,0.0,135.0,292.0,444.0,157.0,32.0,207.0,14.0,154.0,4.0,5.0,92.0,1342.0,1410.0,17.0,44.0,1.0,27.0,1.0,556.0,1265.0,122.0,38.0,0.0,0.0,0.0,0.0
1630.0,287.0,581.0,1.0,153.0,271.0,395.0,220.0,34.0,264.0,10.0,165.0,2.0,7.0,123.0,1289.0,1354.0,14.0,24.0,1.0,29.0,15.0,518.0,1043.0,115.0,55.0,0.0,0.0,0.0,0.0
1795.0,339.0,987.0,1.0,134.0,305.0,517.0,162.0,32.0,232.0,14.0,173.0,2.0,2.0,129.0,1328.0,1394.0,15.0,45.0,2.0,32.0,1.0,530.0,748.0,126.0,53.0,0.0,0.0,0.0,0.0
1942.0,280.0,434.0,2.0,141.0,288.0,439.0,193.0,20.0,236.0,19.0,128.0,1.0,0.0,104.0,1309.0,1294.0,25.0,34.0,3.0,28.0,3.0,437.0,656.0,143.0,61.0,0.0,0.0,0.0,0.0
1596.0,293.0,348.0,0.0,147.0,238.0,422.0,130.0,30.0,248.0,15.0,143.0,6.0,5.0,115.0,1186.0,1312.0,19.0,33.0,1.0,27.0,2.0,412.0,567.0,112.0,47.0,0.0,0.0,0.0,0.0
1606.0,245.0,319.0,0.0,144.0,289.0,396.0,194.0,31.0,228.0,8.0,130.0,1.0,2.0,101.0,1071.0,1314.0,29.0,19.0,1.0,23.0,2.0,355.0,566.0,93.0,23.0,0.0,0.0,0.0,0.0
2526.0,289.0,445.0,1.0,137.0,258.0,380.0,162.0,30.0,219.0,21.0,135.0,5.0,3.0,104.0,1061.0,1317.0,10.0,33.0,1.0,29.0,2.0,447.0,521.0,111.0,28.0,0.0,0.0,0.0,0.0
2037.0,314.0,376.0,1.0,112.0,254.0,434.0,225.0,27.0,254.0,8.0,124.0,2.0,1.0,107.0,1362.0,1452.0,16.0,49.0,2.0,24.0,5.0,480.0,542.0,133.0,46.0,0.0,0.0,0.0,0.0
2975.0,734.0,3116.0,3.0,133.0,455.0,374.0,196.0,23.0,275.0,11.0,256.0,2.0,0.0,132.0,1208.0,1538.0,13.0,27.0,0.0,46.0,4.0,465.0,496.0,134.0,44.0,0.0,0.0,0.0,0.0
3461.0,865.0,3577.0,0.0,174.0,539.0,460.0,191.0,60.0,270.0,24.0,326.0,3.0,1.0,152.0,1271.0,1481.0,24.0,39.0,2.0,46.0,4.0,416.0,449.0,97.0,33.0,0.0,0.0,0.0,0.0
2780.0,918.0,1982.0,1.0,133.0,433.0,411.0,158.0,204.0,241.0,25.0,290.0,2.0,2.0,124.0,1159.0,2074.0,14.0,42.0,2.0,35.0,2.0,457.0,531.0,89.0,47.0,0.0,0.0,0.0,0.0
1892.0,353.0,746.0,1.0,124.0,333.0,423.0,168.0,77.0,225.0,21.0,278.0,3.0,1.0,80.0,1032.0,1734.0,14.0,37.0,1.0,21.0,1.0,398.0,529.0,102.0,26.0,0.0,0.0,0.0,0.0
1607.0,322.0,618.0,2.0,97.0,293.0,321.0,163.0,36.0,211.0,26.0,181.0,1.0,3.0,105.0,984.0,1311.0,14.0,20.0,1.0,23.0,2.0,314.0,441.0,98.0,21.0,0.0,0.0,0.0,0.0
1730.0,288.0,606.0,3.0,83.0,290.0,328.0,138.0,46.0,200.0,15.0,135.0,1.0,2.0,100.0,1014.0,1349.0,7.0,31.0,0.0,17.0,1.0,396.0,477.0,85.0,16.0,0.0,0.0,0.0,0.0
2821.0,390.0,611.0,1.0,275.0,295.0,384.0,194.0,60.0,220.0,10.0,169.0,4.0,1.0,87.0,1204.0,1370.0,24.0,44.0,0.0,71.0,3.0,451.0,536.0,115.0,30.0,0.0,0.0,0.0,0.0
2096.0,328.0,464.0,0.0,221.0,308.0,409.0,184.0,154.0,273.0,22.0,161.0,2.0,1.0,103.0,1219.0,1507.0,8.0,38.0,4.0,37.0,1.0,462.0,546.0,138.0,33.0,0.0,0.0,0.0,0.0
2511.0,309.0,454.0,1.0,173.0,280.0,403.0,168.0,2395.0,230.0,19.0,136.0,3.0,1.0,85.0,1236.0,1340.0,14.0,36.0,1.0,30.0,3.0,431.0,485.0,96.0,23.0,0.0,0.0,0.0,0.0
2033.0,328.0,495.0,2.0,158.0,377.0,379.0,197.0,3727.0,239.0,15.0,157.0,2.0,1.0,101.0,1218.0,1322.0,19.0,32.0,1.0,27.0,3.0,436.0,472.0,103.0,28.0,0.0,0.0,0.0,0.0
1914.0,298.0,414.0,0.0,188.0,268.0,367.0,207.0,3583.0,208.0,19.0,133.0,4.0,1.0,113.0,1179.0,1302.0,9.0,24.0,0.0,16.0,1.0,409.0,518.0,306.0,33.0,0.0,0.0,0.0,0.0
1745.0,281.0,409.0,1.0,145.0,249.0,393.0,230.0,2678.0,217.0,13.0,142.0,3.0,3.0,98.0,1170.0,1316.0,12.0,28.0,2.0,39.0,8.0,403.0,515.0,129.0,21.0,0.0,0.0,0.0,0.0
1720.0,231.0,321.0,1.0,110.0,275.0,374.0,163.0,2498.0,172.0,13.0,114.0,2.0,3.0,96.0,1170.0,1232.0,20.0,31.0,2.0,18.0,2.0,416.0,474.0,115.0,24.0,0.0,0.0,0.0,0.0
2578.0,374.0,517.0,1.0,132.0,316.0,426.0,228.0,2207.0,207.0,26.0,191.0,5.0,5.0,110.0,1360.0,2177.0,21.0,35.0,2.0,22.0,0.0,489.0,535.0,101.0,22.0,0.0,0.0,0.0,0.0
2588.0,425.0,675.0,2.0,144.0,356.0,396.0,202.0,1963.0,232.0,25.0,185.0,1.0,4.0,112.0,1258.0,1778.0,17.0,32.0,2.0,22.0,0.0,574.0,473.0,131.0,39.0,0.0,0.0,0.0,0.0
2688.0,352.0,547.0,0.0,133.0,339.0,471.0,208.0,1958.0,241.0,23.0,174.0,3.0,1.0,95.0,1495.0,1512.0,27.0,33.0,1.0,32.0,2.0,487.0,439.0,104.0,17.0,0.0,0.0,0.0,0.0
2649.0,332.0,474.0,0.0,156.0,266.0,387.0,176.0,2226.0,257.0,16.0,150.0,2.0,5.0,82.0,1310.0,1608.0,14.0,31.0,0.0,55.0,2.0,528.0,515.0,95.0,29.0,0.0,0.0,0.0,0.0
1696.0,269.0,363.0,1.0,114.0,263.0,422.0,158.0,1518.0,205.0,18.0,115.0,1.0,1.0,113.0,1194.0,1452.0,25.0,33.0,1.0,25.0,4.0,465.0,566.0,101.0,26.0,0.0,0.0,0.0,0.0
1701.0,284.0,364.0,0.0,134.0,290.0,369.0,232.0,1296.0,239.0,11.0,168.0,3.0,1.0,102.0,1223.0,1510.0,8.0,43.0,2.0,37.0,1.0,402.0,428.0,105.0,17.0,0.0,0.0,0.0,0.0
2207.0,277.0,341.0,0.0,351.0,295.0,408.0,212.0,1328.0,189.0,11.0,117.0,1.0,4.0,74.0,1336.0,1336.0,15.0,30.0,1.0,37.0,3.0,547.0,472.0,107.0,13.0,0.0,0.0,0.0,0.0
3803.0,384.0,426.0,1.0,127.0,328.0,443.0,225.0,1244.0,200.0,21.0,173.0,4.0,3.0,115.0,1965.0,1489.0,16.0,53.0,2.0,34.0,4.0,547.0,535.0,124.0,23.0,0.0,0.0,0.0,0.0
4708.0,384.0,453.0,5.0,170.0,322.0,433.0,214.0,1044.0,246.0,29.0,173.0,2.0,1.0,132.0,2131.0,1425.0,12.0,49.0,3.0,31.0,1.0,499.0,504.0,103.0,31.0,0.0,0.0,0.0,0.0
4121.0,407.0,505.0,4.0,160.0,358.0,505.0,217.0,912.0,274.0,43.0,159.0,2.0,3.0,128.0,1277.0,1508.0,32.0,44.0,1.0,50.0,2.0,497.0,498.0,127.0,28.0,0.0,0.0,0.0,0.0
2734.0,327.0,508.0,0.0,467.0,265.0,465.0,177.0,995.0,249.0,27.0,146.0,2.0,1.0,107.0,1227.0,1383.0,26.0,47.0,0.0,32.0,1.0,435.0,549.0,116.0,26.0,0.0,0.0,0.0,0.0
1966.0,301.0,372.0,0.0,154.0,214.0,401.0,150.0,763.0,205.0,24.0,132.0,2.0,3.0,88.0,1183.0,1391.0,19.0,39.0,1.0,29.0,0.0,404.0,484.0,111.0,16.0,0.0,0.0,0.0,0.0
1748.0,241.0,281.0,3.0,382.0,209.0,405.0,181.0,689.0,198.0,15.0,142.0,1.0,2.0,81.0,1180.0,1367.0,14.0,41.0,1.0,18.0,4.0,443.0,424.0,345.0,27.0,0.0,0.0,0.0,0.0
1915.0,308.0,386.0,1.0,439.0,235.0,415.0,170.0,684.0,202.0,14.0,117.0,3.0,1.0,103.0,1112.0,1606.0,11.0,28.0,6.0,23.0,3.0,471.0,459.0,2924.0,162.0,0.0,0.0,0.0,0.0
2945.0,313.0,468.0,2.0,157.0,249.0,493.0,202.0,689.0,190.0,16.0,198.0,3.0,1.0,122.0,1194.0,1654.0,24.0,42.0,0.0,33.0,0.0,488.0,523.0,272.0,27.0,0.0,0.0,0.0,0.0
1949.0,383.0,360.0,0.0,178.0,245.0,464.0,175.0,705.0,224.0,18.0,136.0,1.0,1.0,94.0,1207.0,1536.0,17.0,34.0,0.0,26.0,2.0,444.0,488.0,148.0,16.0,0.0,0.0,0.0,0.0
1989.0,315.0,392.0,0.0,400.0,238.0,438.0,191.0,780.0,239.0,21.0,154.0,1.0,1.0,100.0,1158.0,1476.0,17.0,54.0,0.0,31.0,1.0,467.0,489.0,120.0,23.0,0.0,0.0,0.0,0.0
1845.0,350.0,384.0,1.0,210.0,252.0,482.0,156.0,809.0,247.0,19.0,149.0,1.0,1.0,95.0,1084.0,1394.0,20.0,36.0,1.0,21.0,2.0,482.0,521.0,148.0,17.0,0.0,0.0,0.0,0.0
1788.0,303.0,358.0,0.0,183.0,257.0,571.0,176.0,688.0,240.0,20.0,115.0,4.0,2.0,82.0,1258.0,1402.0,23.0,45.0,1.0,21.0,2.0,443.0,496.0,158.0,25.0,0.0,0.0,0.0,0.0
1564.0,281.0,320.0,6.0,167.0,252.0,564.0,165.0,0.0,232.0,8.0,108.0,1.0,4.0,98.0,2163.0,1486.0,18.0,81.0,2.0,24.0,2.0,558.0,476.0,115.0,13.0,0.0,0.0,0.0,0.0
1587.0,255.0,312.0,1.0,177.0,241.0,429.0,159.0,0.0,173.0,22.0,127.0,6.0,1.0,93.0,1170.0,1298.0,10.0,36.0,0.0,17.0,5.0,633.0,464.0,92.0,16.0,0.0,0.0,0.0,0.0
1980.0,381.0,453.0,0.0,209.0,319.0,671.0,219.0,0.0,244.0,27.0,160.0,1.0,0.0,123.0,1369.0,1525.0,17.0,35.0,0.0,32.0,1.0,573.0,523.0,134.0,17.0,0.0,0.0,0.0,0.0
1768.0,557.0,434.0,1.0,224.0,282.0,516.0,175.0,0.0,247.0,9.0,190.0,1.0,2.0,75.0,1176.0,1577.0,19.0,37.0,1.0,39.0,0.0,516.0,518.0,121.0,25.0,0.0,0.0,0.0,0.0
1550.0,299.0,346.0,0.0,421.0,253.0,504.0,185.0,0.0,196.0,12.0,129.0,1.0,3.0,78.0,1133.0,1435.0,11.0,36.0,0.0,29.0,1.0,493.0,487.0,96.0,24.0,0.0,0.0,0.0,0.0
1567.0,264.0,341.0,1.0,511.0,211.0,456.0,188.0,0.0,236.0,14.0,137.0,1.0,2.0,82.0,1258.0,1475.0,14.0,34.0,4.0,21.0,3.0,471.0,477.0,129.0,18.0,0.0,0.0,0.0,0.0
1423.0,270.0,365.0,2.0,170.0,229.0,461.0,162.0,0.0,215.0,16.0,130.0,2.0,4.0,80.0,1366.0,1340.0,12.0,36.0,0.0,17.0,5.0,429.0,480.0,139.0,29.0,0.0,0.0,0.0,0.0
1274.0,240.0,255.0,1.0,152.0,196.0,397.0,153.0,0.0,204.0,15.0,113.0,2.0,2.0,61.0,1109.0,1376.0,12.0,31.0,0.0,16.0,5.0,536.0,426.0,108.0,18.0,0.0,0.0,0.0,0.0
1381.0,233.0,245.0,3.0,175.0,231.0,396.0,190.0,0.0,177.0,17.0,96.0,3.0,4.0,83.0,1097.0,1378.0,16.0,34.0,2.0,11.0,2.0,363.0,487.0,85.0,20.0,0.0,0.0,0.0,0.0
1975.0,323.0,360.0,1.0,165.0,275.0,529.0,185.0,0.0,227.0,25.0,154.0,1.0,1.0,91.0,1324.0,1493.0,11.0,44.0,0.0,29.0,3.0,516.0,439.0,114.0,28.0,0.0,0.0,0.0,0.0
1401.0,260.0,305.0,3.0,209.0,210.0,409.0,179.0,0.0,271.0,17.0,142.0,3.0,4.0,86.0,1125.0,1593.0,18.0,41.0,3.0,19.0,1.0,481.0,436.0,94.0,39.0,0.0,0.0,0.0,0.0
1925.0,333.0,431.0,1.0,201.0,302.0,462.0,189.0,0.0,267.0,16.0,143.0,1.0,3.0,119.0,1229.0,1617.0,20.0,35.0,1.0,43.0,5.0,462.0,499.0,117.0,24.0,0.0,0.0,0.0,0.0
2060.0,324.0,343.0,0.0,212.0,305.0,372.0,220.0,0.0,271.0,18.0,99.0,1.0,2.0,122.0,1421.0,1481.0,21.0,45.0,2.0,48.0,1.0,681.0,537.0,106.0,27.0,0.0,0.0,0.0,0.0
2312.0,408.0,345.0,1.0,179.0,230.0,466.0,206.0,0.0,310.0,16.0,120.0,2.0,3.0,113.0,1245.0,1372.0,15.0,37.0,1.0,53.0,6.0,450.0,504.0,115.0,39.0,0.0,0.0,0.0,0.0
1920.0,318.0,294.0,0.0,152.0,253.0,379.0,210.0,0.0,250.0,17.0,104.0,9.0,1.0,82.0,1156.0,1672.0,16.0,34.0,0.0,31.0,4.0,455.0,522.0,68.0,20.0,0.0,0.0,0.0,0.0
1583.0,232.0,345.0,1.0,167.0,218.0,373.0,185.0,0.0,199.0,17.0,91.0,3.0,1.0,79.0,1105.0,1632.0,11.0,35.0,1.0,39.0,5.0,418.0,425.0,102.0,16.0,0.0,0.0,0.0,0.0
1791.0,333.0,357.0,0.0,152.0,267.0,385.0,208.0,0.0,227.0,23.0,156.0,0.0,2.0,95.0,1137.0,1468.0,12.0,30.0,3.0,24.0,5.0,507.0,532.0,122.0,38.0,0.0,0.0,0.0,0.0
1549.0,319.0,329.0,1.0,183.0,299.0,398.0,211.0,0.0,255.0,27.0,132.0,1.0,2.0,112.0,1141.0,1828.0,18.0,35.0,0.0,20.0,0.0,549.0,613.0,140.0,36.0,0.0,0.0,0.0,0.0
1490.0,330.0,355.0,3.0,176.0,286.0,435.0,197.0,0.0,255.0,15.0,147.0,5.0,2.0,98.0,1224.0,1632.0,21.0,35.0,3.0,29.0,10.0,543.0,557.0,148.0,39.0,0.0,0.0,0.0,0.0
1946.0,282.0,352.0,0.0,315.0,253.0,431.0,203.0,0.0,228.0,26.0,124.0,3.0,4.0,99.0,1089.0,1295.0,18.0,42.0,2.0,33.0,2.0,524.0,596.0,97.0,37.0,0.0,0.0,0.0,0.0
1492.0,273.0,293.0,2.0,347.0,220.0,414.0,217.0,0.0,235.0,14.0,132.0,1.0,2.0,96.0,1218.0,2579.0,16.0,33.0,0.0,24.0,2.0,580.0,700.0,128.0,36.0,0.0,0.0,0.0,0.0
2175.0,321.0,378.0,3.0,193.0,306.0,445.0,165.0,0.0,223.0,19.0,129.0,2.0,1.0,110.0,1117.0,2017.0,17.0,25.0,3.0,32.0,2.0,449.0,533.0,137.0,41.0,0.0,0.0,0.0,0.0
2023.0,245.0,270.0,4.0,140.0,226.0,425.0,168.0,0.0,189.0,17.0,90.0,2.0,2.0,108.0,1188.0,1531.0,21.0,25.0,1.0,32.0,5.0,428.0,456.0,126.0,32.0,0.0,0.0,0.0,0.0
2063.0,323.0,365.0,1.0,135.0,300.0,499.0,238.0,0.0,281.0,14.0,133.0,2.0,1.0,114.0,1567.0,1551.0,16.0,39.0,0.0,27.0,2.0,618.0,591.0,121.0,33.0,0.0,0.0,0.0,0.0
1830.0,309.0,303.0,36.0,129.0,292.0,467.0,160.0,0.0,266.0,11.0,126.0,3.0,1.0,97.0,1220.0,1486.0,12.0,39.0,2.0,32.0,1.0,545.0,522.0,113.0,31.0,0.0,0.0,0.0,0.0
1744.0,302.0,289.0,52.0,147.0,246.0,474.0,166.0,0.0,271.0,18.0,117.0,1.0,2.0,125.0,1518.0,1390.0,19.0,51.0,1.0,36.0,1.0,517.0,538.0,115.0,41.0,0.0,0.0,0.0,0.0
1446.0,258.0,253.0,70.0,485.0,225.0,469.0,182.0,0.0,275.0,9.0,125.0,1.0,2.0,100.0,1417.0,1298.0,17.0,37.0,14.0,37.0,4.0,510.0,604.0,90.0,37.0,0.0,0.0,0.0,0.0
1548.0,270.0,292.0,64.0,461.0,281.0,469.0,135.0,0.0,282.0,14.0,134.0,3.0,3.0,121.0,1160.0,1177.0,16.0,26.0,39.0,19.0,4.0,652.0,563.0,100.0,53.0,0.0,0.0,0.0,0.0
1375.0,269.0,242.0,53.0,136.0,212.0,465.0,144.0,0.0,253.0,16.0,94.0,2.0,1.0,86.0,1171.0,1195.0,5.0,22.0,33.0,19.0,1.0,439.0,469.0,94.0,25.0,0.0,0.0,0.0,0.0
1414.0,235.0,247.0,40.0,113.0,211.0,374.0,131.0,0.0,189.0,9.0,99.0,0.0,4.0,80.0,1028.0,959.0,11.0,21.0,29.0,16.0,7.0,482.0,392.0,76.0,26.0,0.0,0.0,0.0,0.0
1594.0,277.0,303.0,19.0,101.0,261.0,491.0,235.0,0.0,257.0,17.0,115.0,1.0,4.0,91.0,1207.0,1120.0,14.0,28.0,25.0,22.0,4.0,495.0,487.0,120.0,33.0,0.0,0.0,0.0,0.0
1591.0,261.0,306.0,23.0,120.0,244.0,493.0,179.0,0.0,260.0,19.0,109.0,2.0,3.0,104.0,1189.0,1198.0,17.0,37.0,28.0,14.0,1.0,569.0,430.0,123.0,50.0,0.0,0.0,0.0,0.0
1967.0,327.0,319.0,23.0,130.0,251.0,471.0,159.0,0.0,280.0,16.0,124.0,3.0,0.0,134.0,1164.0,1303.0,22.0,26.0,29.0,29.0,2.0,497.0,527.0,101.0,55.0,0.0,0.0,0.0,0.0
1686.0,271.0,321.0,24.0,127.0,245.0,500.0,143.0,0.0,288.0,19.0,116.0,2.0,3.0,102.0,1168.0,1312.0,17.0,36.0,29.0,20.0,0.0,1141.0,515.0,138.0,44.0,0.0,0.0,0.0,0.0
1470.0,369.0,317.0,17.0,123.0,207.0,491.0,163.0,0.0,244.0,7.0,112.0,1.0,6.0,103.0,1215.0,1410.0,21.0,32.0,43.0,22.0,1.0,688.0,521.0,111.0,68.0,0.0,0.0,0.0,0.0
1297.0,239.0,286.0,27.0,102.0,218.0,411.0,168.0,0.0,259.0,11.0,125.0,2.0,2.0,84.0,1232.0,1289.0,27.0,27.0,25.0,40.0,1.0,575.0,418.0,87.0,40.0,0.0,0.0,0.0,0.0
1606.0,231.0,252.0,16.0,106.0,229.0,394.0,179.0,0.0,255.0,11.0,97.0,1.0,1.0,92.0,1116.0,1462.0,17.0,43.0,25.0,24.0,1.0,494.0,462.0,106.0,22.0,0.0,0.0,0.0,0.0
1947.0,244.0,285.0,24.0,105.0,298.0,590.0,195.0,0.0,228.0,20.0,131.0,1.0,0.0,82.0,1323.0,1614.0,8.0,33.0,20.0,13.0,1.0,500.0,542.0,152.0,48.0,0.0,0.0,0.0,0.0
1643.0,302.0,308.0,12.0,152.0,281.0,449.0,178.0,0.0,299.0,17.0,127.0,2.0,1.0,105.0,1251.0,1500.0,14.0,46.0,22.0,16.0,1.0,454.0,668.0,123.0,67.0,0.0,0.0,0.0,0.0
2252.0,348.0,330.0,15.0,147.0,266.0,458.0,240.0,0.0,348.0,20.0,148.0,5.0,2.0,121.0,2341.0,1621.0,10.0,41.0,12.0,16.0,0.0,450.0,565.0,112.0,46.0,0.0,0.0,0.0,0.0
2101.0,361.0,429.0,10.0,100.0,358.0,494.0,197.0,0.0,306.0,16.0,225.0,4.0,4.0,116.0,1364.0,1918.0,21.0,40.0,11.0,33.0,1.0,560.0,557.0,115.0,40.0,0.0,0.0,0.0,0.0
1567.0,349.0,316.0,6.0,149.0,273.0,458.0,180.0,0.0,355.0,18.0,138.0,4.0,4.0,90.0,1352.0,1883.0,17.0,43.0,12.0,17.0,7.0,543.0,482.0,122.0,47.0,0.0,0.0,0.0,0.0
1434.0,294.0,249.0,9.0,127.0,294.0,481.0,170.0,0.0,232.0,10.0,134.0,1.0,4.0,99.0,1299.0,1752.0,12.0,34.0,10.0,23.0,0.0,479.0,433.0,85.0,41.0,0.0,0.0,0.0,0.0
1324.0,257.0,255.0,12.0,156.0,223.0,380.0,167.0,0.0,192.0,20.0,134.0,2.0,1.0,83.0,1271.0,3016.0,20.0,44.0,15.0,26.0,2.0,408.0,423.0,106.0,32.0,0.0,0.0,0.0,0.0
1718.0,306.0,348.0,9.0,158.0,299.0,532.0,230.0,0.0,244.0,18.0,139.0,3.0,0.0,112.0,1348.0,2123.0,13.0,37.0,12.0,32.0,0.0,478.0,492.0,129.0,52.0,0.0,0.0,0.0,0.0
1891.0,270.0,338.0,8.0,147.0,285.0,489.0,190.0,0.0,297.0,26.0,130.0,2.0,1.0,140.0,1401.0,1989.0,13.0,49.0,15.0,21.0,0.0,482.0,560.0,151.0,50.0,0.0,0.0,0.0,0.0
1652.0,309.0,331.0,5.0,120.0,251.0,528.0,170.0,0.0,293.0,12.0,131.0,3.0,5.0,133.0,1523.0,2896.0,22.0,26.0,13.0,30.0,0.0,530.0,681.0,134.0,53.0,0.0,0.0,0.0,0.0
1612.0,294.0,368.0,8.0,162.0,259.0,551.0,178.0,0.0,288.0,10.0,125.0,1.0,2.0,110.0,1626.0,2806.0,16.0,36.0,10.0,24.0,1.0,675.0,656.0,147.0,46.0,0.0,0.0,0.0,0.0
1508.0,253.0,265.0,0.0,144.0,253.0,489.0,173.0,0.0,267.0,17.0,111.0,28.0,122.0,118.0,1482.0,2327.0,28.0,40.0,11.0,18.0,0.0,446.0,595.0,130.0,50.0,0.0,0.0,0.0,0.0
1558.0,248.0,256.0,0.0,122.0,247.0,483.0,151.0,0.0,247.0,13.0,113.0,61.0,287.0,110.0,1347.0,1926.0,13.0,29.0,15.0,21.0,2.0,708.0,546.0,248.0,57.0,0.0,0.0,0.0,0.0
1505.0,284.0,284.0,0.0,110.0,222.0,430.0,167.0,0.0,198.0,13.0,124.0,91.0,420.0,84.0,1206.0,1540.0,13.0,43.0,0.0,23.0,6.0,784.0,467.0,99.0,34.0,0.0,0.0,0.0,0.0
2025.0,377.0,359.0,0.0,118.0,277.0,454.0,150.0,0.0,219.0,14.0,137.0,113.0,368.0,100.0,1375.0,1871.0,17.0,53.0,0.0,25.0,2.0,582.0,575.0,162.0,46.0,0.0,0.0,0.0,0.0
1717.0,295.0,306.0,0.0,128.0,251.0,456.0,167.0,0.0,286.0,16.0,127.0,64.0,275.0,134.0,1474.0,1862.0,21.0,32.0,0.0,12.0,1.0,619.0,523.0,165.0,70.0,0.0,0.0,0.0,0.0
1593.0,329.0,316.0,0.0,107.0,257.0,468.0,141.0,0.0,256.0,10.0,158.0,48.0,251.0,123.0,1364.0,1828.0,8.0,33.0,0.0,20.0,4.0,458.0,533.0,148.0,49.0,0.0,0.0,0.0,0.0
1416.0,265.0,242.0,0.0,121.0,229.0,453.0,141.0,0.0,239.0,9.0,144.0,56.0,261.0,114.0,1303.0,1673.0,15.0,26.0,0.0,37.0,1.0,485.0,540.0,165.0,55.0,0.0,0.0,0.0,0.0
1736.0,277.0,244.0,0.0,110.0,234.0,531.0,143.0,0.0,232.0,17.0,677.0,64.0,245.0,120.0,1213.0,1717.0,29.0,26.0,0.0,24.0,3.0,430.0,583.0,151.0,46.0,0.0,0.0,0.0,0.0
1401.0,205.0,239.0,0.0,89.0,204.0,417.0,160.0,0.0,217.0,12.0,118.0,56.0,209.0,104.0,1347.0,1518.0,19.0,34.0,0.0,23.0,1.0,431.0,526.0,113.0,37.0,0.0,0.0,0.0,0.0
1437.0,232.0,233.0,0.0,103.0,196.0,439.0,143.0,0.0,216.0,10.0,126.0,40.0,187.0,75.0,1217.0,1545.0,16.0,32.0,0.0,12.0,0.0,428.0,541.0,138.0,24.0,0.0,0.0,0.0,0.0
2264.0,325.0,354.0,0.0,116.0,262.0,513.0,172.0,0.0,235.0,7.0,120.0,59.0,160.0,108.0,1573.0,1578.0,18.0,39.0,0.0,30.0,4.0,466.0,610.0,138.0,44.0,0.0,0.0,0.0,0.0
1745.0,276.0,300.0,0.0,125.0,279.0,393.0,153.0,0.0,231.0,12.0,121.0,38.0,152.0,90.0,1230.0,1380.0,10.0,32.0,0.0,27.0,11.0,450.0,643.0,118.0,29.0,0.0,0.0,0.0,0.0
1828.0,317.0,366.0,0.0,132.0,265.0,497.0,171.0,0.0,275.0,8.0,136.0,34.0,133.0,116.0,1410.0,1762.0,12.0,39.0,0.0,45.0,36.0,476.0,604.0,126.0,44.0,0.0,0.0,0.0,0.0
1532.0,229.0,292.0,0.0,103.0,258.0,408.0,181.0,0.0,269.0,16.0,113.0,43.0,149.0,129.0,1252.0,1745.0,18.0,19.0,0.0,24.0,50.0,457.0,648.0,124.0,41.0,0.0,0.0,0.0,0.0
1628.0,252.0,334.0,0.0,115.0,225.0,452.0,158.0,0.0,295.0,12.0,96.0,39.0,132.0,132.0,1368.0,1907.0,19.0,28.0,0.0,31.0,34.0,472.0,689.0,116.0,31.0,0.0,0.0,0.0,0.0
1911.0,366.0,348.0,0.0,134.0,258.0,378.0,149.0,0.0,262.0,12.0,133.0,40.0,114.0,110.0,1451.0,2551.0,9.0,31.0,0.0,48.0,50.0,427.0,538.0,116.0,28.0,0.0,0.0,0.0,0.0
112673.0,158102.0,34472.0,0.0,587.0,18226.0,1559.0,565.0,0.0,1335.0,276.0,10340.0,32.0,91.0,3086.0,2882.0,5840.0,55.0,54.0,0.0,454.0,36.0,422.0,428.0,93.0,36.0,0.0,0.0,0.0,0.0
187168.0,247819.0,61126.0,0.0,2383.0,33955.0,2937.0,995.0,0.0,3161.0,494.0,17360.0,33.0,83.0,7151.0,5831.0,9087.0,97.0,89.0,0.0,933.0,34.0,520.0,547.0,118.0,64.0,0.0,0.0,0.0,0.0
233718.0,358323.0,75073.0,0.0,5689.0,46553.0,3598.0,1117.0,0.0,3312.0,681.0,22557.0,24.0,86.0,9331.0,6023.0,11637.0,132.0,82.0,0.0,1215.0,54.0,505.0,476.0,130.0,62.0,0.0,0.0,0.0,0.0
187673.0,272753.0,65142.0,0.0,1776.0,51426.0,3923.0,1175.0,0.0,2836.0,611.0,19713.0,24.0,91.0,8715.0,5986.0,8902.0,218.0,63.0,0.0,1145.0,34.0,463.0,648.0,119.0,49.0,0.0,0.0,0.0,0.0
148407.0,216484.0,51363.0,0.0,2778.0,39716.0,3997.0,1124.0,0.0,2577.0,543.0,15348.0,24.0,74.0,7343.0,5573.0,6876.0,158.0,77.0,0.0,999.0,41.0,506.0,579.0,123.0,54.0,0.0,0.0,0.0,0.0
118887.0,164905.0,43914.0,0.0,3855.0,32245.0,4364.0,1095.0,0.0,2298.0,493.0,12793.0,16.0,103.0,6993.0,5606.0,7862.0,137.0,66.0,0.0,935.0,27.0,446.0,519.0,120.0,84.0,0.0,0.0,0.0,0.0
110031.0,193259.0,44867.0,0.0,1484.0,31274.0,5007.0,1141.0,0.0,2170.0,510.0,12567.0,17.0,96.0,6592.0,6003.0,6813.0,120.0,80.0,0.0,928.0,29.0,390.0,526.0,114.0,52.0,0.0,0.0,0.0,0.0
109633.0,159632.0,40512.0,0.0,1522.0,43609.0,4787.0,1250.0,0.0,2104.0,424.0,13102.0,24.0,83.0,6991.0,6424.0,7192.0,228.0,73.0,0.0,1078.0,32.0,394.0,439.0,112.0,52.0,0.0,0.0,0.0,0.0
117901.0,149732.0,41458.0,0.0,1445.0,42733.0,5270.0,1246.0,0.0,2795.0,363.0,12273.0,0.0,0.0,6888.0,6459.0,12380.0,173.0,82.0,0.0,1100.0,32.0,571.0,523.0,140.0,53.0,0.0,0.0,0.0,0.0
75477.0,96517.0,29865.0,0.0,1053.0,29364.0,3878.0,1041.0,0.0,2175.0,334.0,9022.0,0.0,0.0,4504.0,4909.0,8382.0,125.0,53.0,0.0,797.0,31.0,939.0,491.0,127.0,47.0,0.0,0.0,0.0,0.0
61076.0,69520.0,22863.0,0.0,947.0,22631.0,3750.0,896.0,0.0,1734.0,281.0,7851.0,0.0,0.0,3910.0,5260.0,7091.0,102.0,50.0,0.0,676.0,34.0,660.0,447.0,118.0,82.0,0.0,0.0,0.0,0.0
63839.0,70724.0,25709.0,0.0,968.0,28651.0,4874.0,1025.0,0.0,1826.0,296.0,8260.0,0.0,0.0,4323.0,4734.0,6283.0,118.0,48.0,0.0,663.0,27.0,465.0,487.0,98.0,62.0,0.0,0.0,0.0,0.0
54317.0,56005.0,21498.0,0.0,706.0,24635.0,4389.0,933.0,0.0,1773.0,274.0,7219.0,0.0,0.0,4281.0,4765.0,5600.0,103.0,49.0,0.0,620.0,21.0,1146.0,521.0,114.0,43.0,0.0,0.0,0.0,0.0
47638.0,45608.0,16008.0,0.0,603.0,16623.0,3606.0,829.0,0.0,1406.0,257.0,5684.0,0.0,0.0,3860.0,4433.0,4809.0,83.0,50.0,0.0,549.0,21.0,806.0,453.0,106.0,27.0,0.0,0.0,0.0,0.0
37385.0,37878.0,13477.0,0.0,646.0,15246.0,3397.0,804.0,0.0,1150.0,220.0,5445.0,0.0,0.0,3351.0,4140.0,4176.0,126.0,45.0,0.0,536.0,27.0,535.0,379.0,92.0,36.0,0.0,0.0,0.0,0.0
42199.0,40668.0,21061.0,0.0,648.0,15705.0,4149.0,975.0,0.0,1403.0,227.0,6089.0,0.0,0.0,3813.0,4704.0,5362.0,110.0,55.0,0.0,574.0,16.0,432.0,472.0,105.0,66.0,0.0,0.0,0.0,0.0
31583.0,33712.0,12775.0,0.0,639.0,10671.0,2691.0,710.0,0.0,1120.0,158.0,4502.0,0.0,0.0,2552.0,3655.0,5408.0,94.0,63.0,0.0,421.0,20.0,433.0,463.0,122.0,39.0,0.0,0.0,0.0,0.0
28272.0,24695.0,10698.0,0.0,508.0,8837.0,2481.0,690.0,0.0,987.0,188.0,4091.0,0.0,0.0,2530.0,3950.0,4305.0,82.0,48.0,0.0,322.0,28.0,387.0,451.0,113.0,51.0,0.0,0.0,0.0,0.0
26711.0,23152.0,10803.0,0.0,496.0,9684.0,2226.0,649.0,0.0,933.0,155.0,3641.0,0.0,0.0,2155.0,3473.0,4548.0,85.0,58.0,0.0,477.0,22.0,531.0,448.0,101.0,35.0,0.0,0.0,0.0,0.0
26638.0,22842.0,10074.0,0.0,449.0,10938.0,2200.0,675.0,0.0,905.0,152.0,3462.0,0.0,0.0,2476.0,3678.0,4474.0,59.0,57.0,0.0,401.0,0.0,431.0,472.0,82.0,41.0,0.0,0.0,0.0,0.0
25398.0,25576.0,10036.0,0.0,483.0,9883.0,2247.0,643.0,0.0,867.0,146.0,3268.0,0.0,0.0,2372.0,3629.0,4345.0,90.0,41.0,0.0,396.0,0.0,386.0,423.0,123.0,51.0,0.0,0.0,0.0,0.0
29237.0,32481.0,10241.0,0.0,433.0,11892.0,2367.0,856.0,0.0,814.0,135.0,3502.0,0.0,0.0,2177.0,4346.0,4285.0,98.0,47.0,0.0,395.0,0.0,445.0,378.0,85.0,37.0,0.0,0.0,0.0,0.0
32543.0,38578.0,11931.0,0.0,551.0,13614.0,3067.0,858.0,0.0,868.0,148.0,4141.0,0.0,0.0,2749.0,9255.0,5179.0,84.0,78.0,0.0,531.0,0.0,458.0,483.0,110.0,54.0,0.0,0.0,0.0,0.0
28644.0,31078.0,11743.0,0.0,479.0,12108.0,3176.0,734.0,0.0,780.0,179.0,4313.0,0.0,0.0,2363.0,4612.0,4065.0,75.0,40.0,0.0,387.0,0.0,425.0,477.0,140.0,43.0,0.0,0.0,0.0,0.0
